INSERT INTO `t_user_detail` (`ID`, `NICKNAME`, `USER_NAME`, `USER_TYPE`, `EMAIL`, `PHONE`, `PHONE_NUMBER`, `SEX`, `AVATAR`, `PASSWORD`, `SALT`, `STATUS`, `DEPT_ID`, `LOGIN_IP`, `LOGIN_DATE`, `USER_POST`, `USER_ROLE`, `REMARK`, `CREATE_USER_ID`, `CREATE_DATE`, `UPDATE_USER_ID`, `UPDATE_DATE`)
VALUES
	('1257921049333465088', '许俊杰', 'admin', NULL, '', '', NULL, 1, '', 'e10adc3949ba59abbe56e057f20f883e', NULL, 1, 7, NULL, NULL, '8', '2,3', '', NULL, '2020-01-07 04:32:04', NULL, '2020-01-22 14:47:56');

INSERT INTO `t_permission_detail` (`ID`, `NAME`, `URL`, `p_key`, `REMARK`, `CREATE_USER_ID`, `CREATE_DATE`, `UPDATE_USER_ID`, `UPDATE_DATE`)
VALUES
	(71, '图形验证', '/admin/captcha/check', 'I_api_captcha_check', NULL, NULL, '2020-05-06 19:37:25', NULL, '2020-05-06 19:37:25'),
	(72, '更新部门', '/admin/dept/update', 'I_api_dept_update', NULL, NULL, '2020-05-06 19:37:25', NULL, '2020-05-06 19:37:25'),
	(73, '删除部门', '/admin/dept/delete', 'I_api_dept_delete', NULL, NULL, '2020-05-06 19:37:25', NULL, '2020-05-06 19:37:25'),
	(74, '创建部门', '/admin/dept/create', 'I_api_dept_create', NULL, NULL, '2020-05-06 19:37:25', NULL, '2020-05-06 19:37:25'),
	(75, '查询部门信息', '/admin/dept/info', 'I_api_dept_info', NULL, NULL, '2020-05-06 19:37:25', NULL, '2020-05-06 19:37:25'),
	(76, '部门全量', '/admin/dept/findall', 'I_api_dept_findall', NULL, NULL, '2020-05-06 19:37:25', NULL, '2020-05-06 19:37:25'),
	(77, '数据字典', '/admin/dict/data/index', 'I_api_dict_data_index', NULL, NULL, '2020-05-06 19:37:25', NULL, '2020-05-06 19:37:25'),
	(78, '更新菜单', '/admin/menu/update', 'I_api_menu_update', NULL, NULL, '2020-05-06 19:37:25', NULL, '2020-05-06 19:37:25'),
	(79, '删除菜单', '/admin/menu/delete', 'I_api_menu_delete', NULL, NULL, '2020-05-06 19:37:25', NULL, '2020-05-06 19:37:25'),
	(80, '创建菜单', '/admin/menu/create', 'I_api_menu_create', NULL, NULL, '2020-05-06 19:37:25', NULL, '2020-05-06 19:37:25'),
	(81, '菜单全量', '/admin/menu/find_all_menu', 'I_api_menu_find_all_menu', NULL, NULL, '2020-05-06 19:37:25', NULL, '2020-05-06 19:37:25'),
	(82, '查询菜单信息', '/admin/menu/info', 'I_api_menu_info', NULL, NULL, '2020-05-06 19:37:26', NULL, '2020-05-06 19:37:26'),
	(83, '菜单全量', '/admin/menu/menus', 'I_api_menu_menus', NULL, NULL, '2020-05-06 19:37:26', NULL, '2020-05-06 19:37:26'),
	(84, '更新岗位', '/admin/post/update', 'I_api_post_update', NULL, NULL, '2020-05-06 19:37:26', NULL, '2020-05-06 19:37:26'),
	(85, '删除岗位', '/admin/post/delete', 'I_api_post_delete', NULL, NULL, '2020-05-06 19:37:26', NULL, '2020-05-06 19:37:26'),
	(86, '创建岗位', '/admin/post/create', 'I_api_post_create', NULL, NULL, '2020-05-06 19:37:26', NULL, '2020-05-06 19:37:26'),
	(87, '查询岗位信息', '/admin/post/info', 'I_api_post_info', NULL, NULL, '2020-05-06 19:37:26', NULL, '2020-05-06 19:37:26'),
	(88, '岗位查询', '/admin/post/index', 'I_api_post_index', NULL, NULL, '2020-05-06 19:37:26', NULL, '2020-05-06 19:37:26'),
	(89, '更新角色', '/admin/role/update', 'I_api_role_update', NULL, NULL, '2020-05-06 19:37:26', NULL, '2020-05-06 19:37:26'),
	(90, '删除角色', '/admin/role/delete', 'I_api_role_delete', NULL, NULL, '2020-05-06 19:37:26', NULL, '2020-05-06 19:37:26'),
	(91, '创建角色', '/admin/role/create', 'I_api_role_create', NULL, NULL, '2020-05-06 19:37:26', NULL, '2020-05-06 19:37:26'),
	(92, '查询角色信息', '/admin/role/info', 'I_api_role_info', NULL, NULL, '2020-05-06 19:37:26', NULL, '2020-05-06 19:37:26'),
	(93, '角色查询', '/admin/role/index', 'I_api_role_index', NULL, NULL, '2020-05-06 19:37:26', NULL, '2020-05-06 19:37:26'),
	(94, '上传至HDFS', '/admin/upload/oss', 'I_api_upload_oss', NULL, NULL, '2020-05-06 19:37:26', NULL, '2020-05-06 19:37:26'),
	(95, '更新用户', '/admin/user/update', 'I_api_user_update', NULL, NULL, '2020-05-06 19:37:26', NULL, '2020-05-06 19:37:26'),
	(96, '删除用户', '/admin/user/delete', 'I_api_user_delete', NULL, NULL, '2020-05-06 19:37:26', NULL, '2020-05-06 19:37:26'),
	(97, '创建用户', '/admin/user/create', 'I_api_user_create', NULL, NULL, '2020-05-06 19:37:26', NULL, '2020-05-06 19:37:26'),
	(98, '用户登录', '/admin/user/login', 'I_api_user_login', NULL, NULL, '2020-05-06 19:37:26', NULL, '2020-05-06 19:37:26'),
	(99, '查询用户', '/admin/user/info', 'I_api_user_info', NULL, NULL, '2020-05-06 19:37:26', NULL, '2020-05-06 19:37:26'),
	(100, '查询用户列表', '/admin/user/index', 'I_api_user_index', NULL, NULL, '2020-05-06 19:37:27', NULL, '2020-05-06 19:37:27'),
	(101, '验证token', '/admin/user/check_token', 'I_api_user_check_token', NULL, NULL, '2020-05-06 19:37:27', NULL, '2020-05-06 19:37:27'),
	(102, '用户登出', '/admin/user/logout', 'I_api_user_logout', NULL, NULL, '2020-05-06 19:37:27', NULL, '2020-05-06 19:37:27');


INSERT INTO `t_menu_detail` (`ID`, `MENU_NAME`, `PARENT_ID`, `ORDER_NUM`, `URL`, `MENU_TYPE`, `VISIBLE`, `PERMS`, `ICON`, `IS_FRAME`, `COMPONENT`, `ROUTE_NAME`, `ROUTE_PATH`, `ROUTE_CACHE`, `ROUTE_COMPONENT`, `REMARK`, `CREATE_USER_ID`, `CREATE_DATE`, `UPDATE_USER_ID`, `UPDATE_DATE`)
VALUES
	(53, '系统管理', 0, 1, '', 1, 1, '', 'cog', 2, '', '', '', 2, '', '', '0', '2020-04-30 16:50:40', '81', '2020-04-30 16:50:40'),
	(81, '菜单管理', 53, 3, '/management/menu', 1, 1, '', 'navicon', 2, 'management/menu', 'management-menu', 'management/menu', 2, 'management/menu', '', '0', '2020-04-30 16:50:40', '1', '2020-04-30 16:50:40'),
	(85, '角色管理', 53, 2, '/management/role', 1, 1, '', 'users', 2, 'management/role', 'management-role', 'management/role', 2, 'management/role', '', '0', '2020-04-30 16:50:40', '1', '2020-04-30 16:50:40'),
	(88, '字典管理', 53, 6, '/management/dict', 1, 1, '', 'book', 2, 'management/dict', 'management-dict', 'management/dict', 2, 'management/dict', '', '0', '2020-04-30 16:50:40', '1', '2020-04-30 16:50:40'),
	(94, '参数设置', 53, 8, '/management/config', 1, 2, '', 'cubes', 2, 'management/config', 'management-config', 'management/config', 2, 'management/config', '', '0', '2020-05-01 06:50:40', '1', '2020-05-15 10:38:49'),
	(111, '用户管理', 53, 1, '/management/user', 1, 1, '', 'user-circle', 2, 'management/user', 'management-user', 'management/user', 2, 'management/user', '', '77', '2020-04-30 16:50:40', '1', '2020-04-30 16:50:40'),
	(112, '部门管理', 53, 4, '/management/dept', 1, 1, '', 'bank', 2, 'management/dept', 'management-dept', 'management/dept', 2, 'management/dept', '', '77', '2020-04-30 16:50:40', '1', '2020-04-30 16:50:40'),
	(113, '岗位管理', 53, 5, '/management/post', 1, 1, '', 'briefcase', 2, 'management/post', 'management-post', 'management/post', 2, 'management/post', '', '77', '2020-04-30 16:50:40', '1', '2020-04-30 16:50:40'),
	(115, '字典数据', 53, 7, '/management/dict-data', 1, 2, '', '', 2, '', 'management-dict-data', 'management/dict-data', 2, 'management/dict-data', '', '1', '2020-04-30 16:50:40', '1', '2020-04-30 16:50:40'),
	(116, '菜单查询', 81, 0, '', 2, 1, 'system:menu:query', '', 0, '', '', '', 0, '', '', '1', '2020-04-30 16:50:40', '1', '2020-04-30 16:50:40'),
	(117, '菜单新增', 81, 0, '', 2, 1, 'system:menu:add', '', 0, '', '', '', 0, '', '', '1', '2020-04-30 16:50:40', '0', '2020-04-30 16:50:40'),
	(118, '菜单修改', 81, 0, '', 2, 1, 'system:menu:edit', '', 0, '', '', '', 0, '', '', '1', '2020-04-30 16:50:40', '0', '2020-04-30 16:50:40'),
	(119, '菜单删除', 81, 0, '', 2, 1, 'system:menu:remove', '', 0, '', '', '', 0, '', '', '1', '2020-04-30 16:50:40', '0', '2020-04-30 16:50:40'),
	(120, '角色查询', 85, 0, '', 2, 1, 'system:role:query', '', 0, '', '', '', 0, '', '', '1', '2020-04-30 16:50:40', '0', '2020-04-30 16:50:40'),
	(121, '角色新增', 85, 0, '', 2, 1, 'system:role:add', '', 0, '', '', '', 0, '', '', '1', '2020-04-30 16:50:40', '0', '2020-04-30 16:50:40'),
	(122, '角色修改', 85, 0, '', 2, 1, 'system:role:edit', '', 0, '', '', '', 0, '', '', '1', '2020-04-30 16:50:40', '0', '2020-04-30 16:50:40'),
	(123, '角色删除', 85, 0, '', 2, 1, 'system:role:remove', '', 0, '', '', '', 0, '', '', '1', '2020-04-30 16:50:40', '0', '2020-04-30 16:50:40'),
	(124, '字典查询', 88, 0, '', 2, 1, 'system:dict:query', '', 0, '', '', '', 0, '', '', '1', '2020-04-30 16:50:40', '0', '2020-04-30 16:50:40'),
	(125, '字典新增', 88, 0, '', 2, 1, 'system:dict:add', '', 0, '', '', '', 0, '', '', '1', '2020-04-30 16:50:40', '0', '2020-04-30 16:50:40'),
	(126, '字典修改', 88, 0, '', 2, 1, 'system:dict:edit', '', 0, '', '', '', 0, '', '', '1', '2020-04-30 16:50:40', '0', '2020-04-30 16:50:40'),
	(127, '字典删除', 88, 0, '', 2, 1, 'system:dict:remove', '', 0, '', '', '', 0, '', '', '1', '2020-04-30 16:50:40', '0', '2020-04-30 16:50:40'),
	(128, '参数查询', 94, 0, '', 2, 1, 'system:config:query', '', 0, '', '', '', 0, '', '', '1', '2020-04-30 16:50:40', '0', '2020-04-30 16:50:40'),
	(129, '参数新增', 94, 0, '', 2, 1, 'system:config:add', '', 0, '', '', '', 0, '', '', '1', '2020-04-30 16:50:40', '0', '2020-04-30 16:50:40'),
	(130, '参数修改', 94, 0, '', 2, 1, 'system:config:edit', '', 0, '', '', '', 0, '', '', '1', '2020-04-30 16:50:40', '0', '2020-04-30 16:50:40'),
	(131, '参数删除', 94, 0, '', 2, 1, 'system:config:remove', '', 0, '', '', '', 0, '', '', '1', '2020-04-30 16:50:40', '0', '2020-04-30 16:50:40'),
	(132, '用户查询', 111, 0, '', 2, 1, 'system:user:query', '', 0, '', '', '', 0, '', '', '1', '2020-04-30 16:50:40', '1', '2020-04-30 16:50:40'),
	(133, '用户新增', 111, 0, '', 2, 1, 'system:user:add', '', 0, '', '', '', 0, '', '', '1', '2020-04-30 16:50:40', '0', '2020-04-30 16:50:40'),
	(134, '用户修改', 111, 0, '', 2, 1, 'system:user:edit', '', 0, '', '', '', 0, '', '', '1', '2020-04-30 16:50:40', '0', '2020-04-30 16:50:40'),
	(135, '用户删除', 111, 0, '', 2, 1, 'system:user:remove', '', 0, '', '', '', 0, '', '', '1', '2020-04-30 16:50:40', '0', '2020-04-30 16:50:40'),
	(136, '部门查询', 112, 0, '', 2, 1, 'system:dept:query', '', 0, '', '', '', 0, '', '', '1', '2020-04-30 16:50:40', '0', '2020-04-30 16:50:40'),
	(137, '部门新增', 112, 0, '', 2, 1, 'system:dept:add', '', 0, '', '', '', 0, '', '', '1', '2020-04-30 16:50:40', '0', '2020-04-30 16:50:40'),
	(138, '部门修改', 112, 0, '', 2, 1, 'system:dept:edit', '', 0, '', '', '', 0, '', '', '1', '2020-04-30 16:50:40', '0', '2020-04-30 16:50:40'),
	(139, '部门删除', 112, 0, '', 2, 1, 'system:dept:remove', '', 0, '', '', '', 0, '', '', '1', '2020-04-30 16:50:40', '0', '2020-04-30 16:50:40'),
	(140, '岗位查询', 113, 0, '', 2, 1, 'system:post:query', '', 0, '', '', '', 0, '', '', '1', '2020-04-30 16:50:40', '0', '2020-04-30 16:50:40'),
	(141, '岗位新增', 113, 0, '', 2, 1, 'system:post:add', '', 0, '', '', '', 0, '', '', '1', '2020-04-30 16:50:40', '0', '2020-04-30 16:50:40'),
	(142, '岗位修改', 113, 0, '', 2, 1, 'system:post:edit', '', 0, '', '', '', 0, '', '', '1', '2020-04-30 16:50:40', '0', '2020-04-30 16:50:40'),
	(143, '岗位删除', 113, 0, '', 2, 1, 'system:post:remove', '', 0, '', '', '', 0, '', '', '1', '2020-04-30 16:50:40', '0', '2020-04-30 16:50:40'),
	(144, '字典数据查询', 115, 0, '', 2, 1, 'system:dict-data:query', '', 0, '', '', '', 0, '', '', '1', '2020-04-30 16:50:40', '0', '2020-04-30 16:50:40'),
	(145, '字典数据新增', 115, 0, '', 2, 1, 'system:dict-data:add', '', 0, '', '', '', 0, '', '', '1', '2020-04-30 16:50:40', '0', '2020-04-30 16:50:40'),
	(146, '字典数据修改', 115, 0, '', 2, 1, 'system:dict-data:edit', '', 0, '', '', '', 0, '', '', '1', '2020-04-30 16:50:40', '0', '2020-04-30 16:50:40'),
	(147, '字典数据删除', 115, 0, '', 2, 1, 'system:dict-data:remove', '', 0, '', '', '', 0, '', '', '1', '2020-04-30 16:50:40', '0', '2020-04-30 16:50:40'),
	(148, '角色修改 - 数据权限', 85, 1, '', 2, 1, 'system:role:editData', '', 0, '', '', '', 0, '', '', '1', '2020-04-30 16:50:40', '1', '2020-04-30 16:50:40'),
	(149, '字典详情', 88, 1, '', 2, 1, 'system:dict:detail', '', 0, '', '', '', 0, '', '', '1', '2020-04-30 16:50:40', '0', '2020-04-30 16:50:40');

INSERT INTO `t_menu_permission` (`ID`, `m_id`, `p_id`, `CREATE_USER_ID`, `CREATE_DATE`, `UPDATE_USER_ID`, `UPDATE_DATE`)
VALUES
	(4, 116, 82, NULL, '2020-05-06 15:53:33', NULL, '2020-05-06 15:53:33'),
	(5, 116, 83, NULL, '2020-05-06 15:53:33', NULL, '2020-05-06 15:53:33'),
	(6, 117, 80, NULL, '2020-05-06 15:53:33', NULL, '2020-05-06 15:53:33'),
	(7, 118, 78, NULL, '2020-05-06 15:53:33', NULL, '2020-05-06 15:53:33'),
	(8, 119, 79, NULL, '2020-05-06 15:53:33', NULL, '2020-05-06 15:53:33'),
	(9, 120, 92, NULL, '2020-05-06 15:53:33', NULL, '2020-05-06 15:53:33'),
	(10, 120, 93, NULL, '2020-05-06 15:53:33', NULL, '2020-05-06 15:53:33'),
	(11, 121, 91, NULL, '2020-05-06 15:53:33', NULL, '2020-05-06 15:53:33'),
	(12, 122, 89, NULL, '2020-05-06 15:53:33', NULL, '2020-05-06 15:53:33'),
	(13, 123, 90, NULL, '2020-05-06 15:53:33', NULL, '2020-05-06 15:53:33'),
	(14, 132, 99, NULL, '2020-05-06 15:53:33', NULL, '2020-05-06 15:53:33'),
	(15, 132, 100, NULL, '2020-05-06 15:53:33', NULL, '2020-05-06 15:53:33'),
	(16, 133, 97, NULL, '2020-05-06 15:53:33', NULL, '2020-05-06 15:53:33'),
	(17, 134, 95, NULL, '2020-05-06 15:53:33', NULL, '2020-05-06 15:53:33'),
	(18, 135, 96, NULL, '2020-05-06 15:53:33', NULL, '2020-05-06 15:53:33'),
	(19, 136, 75, NULL, '2020-05-06 15:53:33', NULL, '2020-05-06 15:53:33'),
	(20, 136, 76, NULL, '2020-05-06 15:53:33', NULL, '2020-05-06 15:53:33'),
	(21, 137, 74, NULL, '2020-05-06 15:53:33', NULL, '2020-05-06 15:53:33'),
	(22, 138, 72, NULL, '2020-05-06 15:53:33', NULL, '2020-05-06 15:53:33'),
	(23, 139, 73, NULL, '2020-05-06 15:53:33', NULL, '2020-05-06 15:53:33'),
	(24, 140, 88, NULL, '2020-05-06 15:53:33', NULL, '2020-05-06 15:53:33'),
	(25, 140, 87, NULL, '2020-05-06 15:53:33', NULL, '2020-05-06 15:53:33'),
	(26, 141, 86, NULL, '2020-05-06 15:53:33', NULL, '2020-05-06 15:53:33'),
	(27, 142, 84, NULL, '2020-05-06 15:53:33', NULL, '2020-05-06 15:53:33'),
	(28, 143, 85, NULL, '2020-05-06 15:53:33', NULL, '2020-05-06 15:53:33');

INSERT INTO `t_role_detail` (`ID`, `ROLE_NAME`, `ROLE_KEY`, `REMARK`, `CREATE_USER_ID`, `CREATE_DATE`, `UPDATE_USER_ID`, `UPDATE_DATE`)
VALUES
	(3, '普通用户', 'user', '', NULL, '2020-04-22 18:14:16', '1257921049333465088', '2020-07-03 15:37:15');

INSERT INTO `t_role_menu` (`ID`, `r_id`, `m_id`, `REMARK`, `CREATE_USER_ID`, `CREATE_DATE`, `UPDATE_USER_ID`, `UPDATE_DATE`)
VALUES
	(270, 3, 128, NULL, NULL, '2020-05-07 11:51:40', NULL, '2020-05-07 11:51:40'),
	(271, 3, 129, NULL, NULL, '2020-05-07 11:51:40', NULL, '2020-05-07 11:51:40'),
	(272, 3, 130, NULL, NULL, '2020-05-07 11:51:40', NULL, '2020-05-07 11:51:40'),
	(273, 3, 131, NULL, NULL, '2020-05-07 11:51:40', NULL, '2020-05-07 11:51:40'),
	(274, 3, 132, NULL, NULL, '2020-05-07 11:51:40', NULL, '2020-05-07 11:51:40'),
	(275, 3, 133, NULL, NULL, '2020-05-07 11:51:40', NULL, '2020-05-07 11:51:40'),
	(276, 3, 134, NULL, NULL, '2020-05-07 11:51:40', NULL, '2020-05-07 11:51:40'),
	(277, 3, 135, NULL, NULL, '2020-05-07 11:51:40', NULL, '2020-05-07 11:51:40'),
	(278, 3, 136, NULL, NULL, '2020-05-07 11:51:40', NULL, '2020-05-07 11:51:40'),
	(279, 3, 137, NULL, NULL, '2020-05-07 11:51:40', NULL, '2020-05-07 11:51:40'),
	(280, 3, 138, NULL, NULL, '2020-05-07 11:51:40', NULL, '2020-05-07 11:51:40'),
	(281, 3, 139, NULL, NULL, '2020-05-07 11:51:40', NULL, '2020-05-07 11:51:40'),
	(282, 3, 140, NULL, NULL, '2020-05-07 11:51:40', NULL, '2020-05-07 11:51:40'),
	(283, 3, 141, NULL, NULL, '2020-05-07 11:51:40', NULL, '2020-05-07 11:51:40'),
	(284, 3, 142, NULL, NULL, '2020-05-07 11:51:40', NULL, '2020-05-07 11:51:40'),
	(285, 3, 143, NULL, NULL, '2020-05-07 11:51:40', NULL, '2020-05-07 11:51:40'),
	(286, 3, 144, NULL, NULL, '2020-05-07 11:51:40', NULL, '2020-05-07 11:51:40'),
	(287, 3, 81, NULL, NULL, '2020-05-07 11:51:40', NULL, '2020-05-07 11:51:40'),
	(288, 3, 145, NULL, NULL, '2020-05-07 11:51:40', NULL, '2020-05-07 11:51:40'),
	(289, 3, 146, NULL, NULL, '2020-05-07 11:51:40', NULL, '2020-05-07 11:51:40'),
	(290, 3, 147, NULL, NULL, '2020-05-07 11:51:40', NULL, '2020-05-07 11:51:40'),
	(291, 3, 148, NULL, NULL, '2020-05-07 11:51:40', NULL, '2020-05-07 11:51:40'),
	(292, 3, 85, NULL, NULL, '2020-05-07 11:51:40', NULL, '2020-05-07 11:51:40'),
	(293, 3, 149, NULL, NULL, '2020-05-07 11:51:40', NULL, '2020-05-07 11:51:40'),
	(294, 3, 88, NULL, NULL, '2020-05-07 11:51:40', NULL, '2020-05-07 11:51:40'),
	(295, 3, 94, NULL, NULL, '2020-05-07 11:51:40', NULL, '2020-05-07 11:51:40'),
	(296, 3, 111, NULL, NULL, '2020-05-07 11:51:40', NULL, '2020-05-07 11:51:40'),
	(297, 3, 112, NULL, NULL, '2020-05-07 11:51:40', NULL, '2020-05-07 11:51:40'),
	(298, 3, 113, NULL, NULL, '2020-05-07 11:51:40', NULL, '2020-05-07 11:51:40'),
	(299, 3, 115, NULL, NULL, '2020-05-07 11:51:40', NULL, '2020-05-07 11:51:40'),
	(300, 3, 116, NULL, NULL, '2020-05-07 11:51:40', NULL, '2020-05-07 11:51:40'),
	(301, 3, 53, NULL, NULL, '2020-05-07 11:51:40', NULL, '2020-05-07 11:51:40'),
	(302, 3, 117, NULL, NULL, '2020-05-07 11:51:40', NULL, '2020-05-07 11:51:40'),
	(303, 3, 118, NULL, NULL, '2020-05-07 11:51:40', NULL, '2020-05-07 11:51:40'),
	(304, 3, 119, NULL, NULL, '2020-05-07 11:51:40', NULL, '2020-05-07 11:51:40'),
	(305, 3, 120, NULL, NULL, '2020-05-07 11:51:40', NULL, '2020-05-07 11:51:40'),
	(306, 3, 121, NULL, NULL, '2020-05-07 11:51:40', NULL, '2020-05-07 11:51:40'),
	(307, 3, 122, NULL, NULL, '2020-05-07 11:51:40', NULL, '2020-05-07 11:51:40'),
	(308, 3, 123, NULL, NULL, '2020-05-07 11:51:40', NULL, '2020-05-07 11:51:40'),
	(309, 3, 124, NULL, NULL, '2020-05-07 11:51:40', NULL, '2020-05-07 11:51:40'),
	(310, 3, 125, NULL, NULL, '2020-05-07 11:51:40', NULL, '2020-05-07 11:51:40'),
	(311, 3, 126, NULL, NULL, '2020-05-07 11:51:40', NULL, '2020-05-07 11:51:40'),
	(312, 3, 127, NULL, NULL, '2020-05-07 11:51:40', NULL, '2020-05-07 11:51:40');

INSERT INTO `t_post_detail` (`ID`, `POST_NAME`, `REMARK`, `CREATE_USER_ID`, `CREATE_DATE`, `UPDATE_USER_ID`, `UPDATE_DATE`)
VALUES
	(1, 'java', '', NULL, '2020-05-06 15:53:33', NULL, '2020-05-06 15:53:33'),
	(2, 'php', '', NULL, '2020-05-06 15:53:50', NULL, '2020-05-06 15:53:50');

INSERT INTO `t_dept_detail` (`ID`, `PARENT_ID`, `ANCESTORS`, `DEPT_NAME`, `ORDER_NUM`, `LEADER`, `PHONE`, `EMAIL`, `STATUS`, `REMARK`, `CREATE_USER_ID`, `CREATE_DATE`, `UPDATE_USER_ID`, `UPDATE_DATE`)
VALUES
	(7, 0, NULL, '公司', 1, 'test', '', '', '1', '', NULL, '2020-05-06 14:11:40', NULL, '2020-05-06 14:11:40');

INSERT INTO `t_dict_detail` (`ID`, `DICT_NAME`, `DICT_VALUE_TYPE`, `DICT_TYPE`, `STATUS`, `REMARK`, `CREATE_USER_ID`, `CREATE_DATE`, `UPDATE_USER_ID`, `UPDATE_DATE`)
VALUES
	(2, '状态', 1, 'status', '1', '发布状态', NULL, '2020-05-09 14:47:05', NULL, '2020-05-09 14:47:05'),
	(3, '数据类型', 1, 'dict_value_type', '1', '', NULL, '2020-05-09 15:02:51', NULL, '2020-05-09 15:02:51'),
	(4, '判断', 1, 'is', '1', '', NULL, '2020-05-09 15:46:45', NULL, '2020-05-09 15:46:45'),
	(5, '可见性', 1, 'visible', '1', '', NULL, '2020-05-09 15:50:30', NULL, '2020-05-09 15:50:30'),
	(6, '数据区域', 1, 'data_scope', '1', '', NULL, '2020-05-09 15:51:35', NULL, '2020-05-09 15:51:35'),
	(7, '性别', 1, 'sex', '1', '', NULL, '2020-05-09 15:52:22', NULL, '2020-05-09 15:52:22'),
	(8, '菜单类型', 1, 'menu_type', '1', '', NULL, '2020-05-09 15:53:48', NULL, '2020-05-09 15:53:48');

INSERT INTO `t_dict_value_detail` (`ID`, `DICT_ID`, `DICT_SORT`, `DICT_LABEL`, `DICT_TYPE`, `DICT_VALUE_TYPE`, `DICT_NUMBER`, `DICT_VALUE`, `IS_DEFAULT`, `CSS_CLASS`, `STATUS`, `REMARK`, `CREATE_USER_ID`, `CREATE_DATE`, `UPDATE_USER_ID`, `UPDATE_DATE`)
VALUES
	(3, 2, 1, '激活', NULL, NULL, 1, NULL, 2, '', '1', '', NULL, '2020-05-09 15:01:25', NULL, '2020-05-09 15:01:25'),
	(4, 2, 1, '禁用', NULL, NULL, 2, NULL, 1, '', '1', '', NULL, '2020-05-09 15:01:36', NULL, '2020-05-09 15:01:36'),
	(5, 3, 1, '字符', NULL, NULL, 2, NULL, 2, '', '1', '', NULL, '2020-05-09 15:03:17', NULL, '2020-05-09 15:03:17'),
	(6, 3, 1, '数字', NULL, NULL, 1, NULL, 1, '', '1', '', NULL, '2020-05-09 15:03:33', NULL, '2020-05-09 15:03:33'),
	(7, 4, 1, '是', NULL, NULL, 1, '', 1, '', '1', '', NULL, '2020-05-11 09:47:14', NULL, '2020-05-09 15:48:46'),
	(8, 4, 1, '否', NULL, NULL, 2, '', 2, '', '1', '', NULL, '2020-05-10 19:47:29', NULL, '2020-05-09 15:48:43'),
	(9, 5, 1, '隐藏', NULL, NULL, 2, '', 2, '', '1', '', NULL, '2020-05-09 15:50:48', NULL, '2020-05-09 15:50:48'),
	(10, 5, 1, '显示', NULL, NULL, 1, '', 2, '', '1', '', NULL, '2020-05-09 15:50:55', NULL, '2020-05-09 15:50:55'),
	(11, 6, 1, '自定义', NULL, NULL, 2, '', 2, '', '1', '', NULL, '2020-05-09 15:51:47', NULL, '2020-05-09 15:51:47'),
	(12, 6, 1, '全部', NULL, NULL, 1, '', 2, '', '1', '', NULL, '2020-05-09 15:51:53', NULL, '2020-05-09 15:51:53'),
	(13, 7, 1, '女', NULL, NULL, 2, '', 2, '', '1', '', NULL, '2020-05-09 15:52:45', NULL, '2020-05-09 15:52:45'),
	(14, 7, 1, '男', NULL, NULL, 1, '', 2, '', '1', '', NULL, '2020-05-09 15:52:54', NULL, '2020-05-09 15:52:54'),
	(15, 8, 1, '按钮', NULL, NULL, 2, '', 2, '', '1', '', NULL, '2020-05-09 15:53:59', NULL, '2020-05-09 15:53:59'),
	(16, 8, 1, '菜单', NULL, NULL, 1, '', 2, '', '1', '', NULL, '2020-05-09 15:54:05', NULL, '2020-05-09 15:54:05');
